{
	"credit": "Made with Blockbench",
	"parent": "block/block",
	"elements": [
		{
			"from": [0, 0, 0],
			"to": [16, 16, 16],
			"faces": {
				"north": {"uv": [0, 0, 16, 16], "texture": "#0", "cullface": "north"},
				"east": {"uv": [0, 0, 16, 16], "texture": "#0", "cullface": "east"},
				"south": {"uv": [0, 0, 16, 16], "texture": "#0", "cullface": "south"},
				"west": {"uv": [0, 0, 16, 16], "texture": "#0", "cullface": "west"},
				"up": {"uv": [0, 0, 16, 16], "texture": "#0", "cullface": "up"},
				"down": {"uv": [0, 0, 16, 16], "texture": "#0", "cullface": "down"}
			}
		},
		{
			"name": "top",
			"from": [8.1, 16, 0.1],
			"to": [8.1, 24, 16.1],
			"shade": false,
			"rotation": {"angle": 45, "axis": "y", "origin": [8, 8, 8], "rescale": true},
			"faces": {
				"east": {"uv": [16, 0, 0, 8], "rotation": 180, "texture": "#1", "cullface": "up"},
				"west": {"uv": [0, 0, 16, 8], "rotation": 180, "texture": "#1", "cullface": "up"}
			}
		},
		{
			"name": "top",
			"from": [8.1, 16, 0.1],
			"to": [8.1, 24, 16.1],
			"shade": false,
			"rotation": {"angle": -45, "axis": "y", "origin": [8, 8, 8], "rescale": true},
			"faces": {
				"east": {"uv": [0, 0, 16, 8], "rotation": 180, "texture": "#2", "cullface": "up"},
				"west": {"uv": [16, 0, 0, 8], "rotation": 180, "texture": "#2", "cullface": "up"}
			}
		},
		{
			"name": "bottom",
			"from": [8.1, -8, 0.1],
			"to": [8.1, 0, 16.1],
			"shade": false,
			"rotation": {"angle": 45, "axis": "y", "origin": [8, 8, 8], "rescale": true},
			"faces": {
				"east": {"uv": [16, 0, 0, 8], "texture": "#2", "cullface": "down"},
				"west": {"uv": [0, 0, 16, 8], "texture": "#2", "cullface": "down"}
			}
		},
		{
			"name": "bottom",
			"from": [8.1, -8, 0.1],
			"to": [8.1, 0, 16.1],
			"shade": false,
			"rotation": {"angle": -45, "axis": "y", "origin": [8, 8, 8], "rescale": true},
			"faces": {
				"east": {"uv": [16, 0, 0, 8], "texture": "#1", "cullface": "down"},
				"west": {"uv": [0, 0, 16, 8], "texture": "#1", "cullface": "down"}
			}
		},
		{
			"name": "north",
			"from": [8, 0, -8],
			"to": [8, 16, 0],
			"shade": false,
			"rotation": {"angle": 45, "axis": "z", "origin": [8, 8, 8], "rescale": true},
			"faces": {
				"east": {"uv": [0, 0, 16, 8], "rotation": 270, "texture": "#4", "cullface": "north"},
				"west": {"uv": [16, 0, 0, 8], "rotation": 90, "texture": "#4", "cullface": "north"}
			}
		},
		{
			"name": "north",
			"from": [0, 8, -8],
			"to": [16, 8, 0],
			"shade": false,
			"rotation": {"angle": 45, "axis": "z", "origin": [8, 8, 8], "rescale": true},
			"faces": {
				"up": {"uv": [16, 0, 0, 8], "rotation": 180, "texture": "#5", "cullface": "north"},
				"down": {"uv": [0, 0, 16, 8], "texture": "#5", "cullface": "north"}
			}
		},
		{
			"name": "south",
			"from": [8, 0, 16],
			"to": [8, 16, 24],
			"shade": false,
			"rotation": {"angle": 45, "axis": "z", "origin": [8, 8, 8], "rescale": true},
			"faces": {
				"east": {"uv": [16, 0, 0, 8], "rotation": 90, "texture": "#4", "cullface": "south"},
				"west": {"uv": [0, 0, 16, 8], "rotation": 270, "texture": "#4", "cullface": "south"}
			}
		},
		{
			"name": "south",
			"from": [8, 0, 16],
			"to": [8, 16, 24],
			"shade": false,
			"rotation": {"angle": -45, "axis": "z", "origin": [8, 8, 8], "rescale": true},
			"faces": {
				"east": {"uv": [16, 0, 0, 8], "rotation": 90, "texture": "#5", "cullface": "south"},
				"west": {"uv": [0, 0, 16, 8], "rotation": 270, "texture": "#5", "cullface": "south"}
			}
		},
		{
			"name": "west",
			"from": [-8, 0, 8],
			"to": [0, 16, 8],
			"shade": false,
			"rotation": {"angle": -45, "axis": "x", "origin": [8, 8, 8], "rescale": true},
			"faces": {
				"north": {"uv": [0, 0, 16, 8], "rotation": 270, "texture": "#5", "cullface": "west"},
				"south": {"uv": [16, 0, 0, 8], "rotation": 90, "texture": "#5", "cullface": "west"}
			}
		},
		{
			"name": "west",
			"from": [-8, 0, 8],
			"to": [0, 16, 8],
			"shade": false,
			"rotation": {"angle": 45, "axis": "x", "origin": [8, 8, 8], "rescale": true},
			"faces": {
				"north": {"uv": [0, 0, 16, 8], "rotation": 270, "texture": "#4", "cullface": "west"},
				"south": {"uv": [16, 0, 0, 8], "rotation": 90, "texture": "#4", "cullface": "west"}
			}
		},
		{
			"name": "east",
			"from": [16, 8, 0],
			"to": [24, 8, 16],
			"shade": false,
			"rotation": {"angle": -45, "axis": "x", "origin": [8, 8, 8], "rescale": true},
			"faces": {
				"up": {"uv": [16, 0, 0, 8], "rotation": 270, "texture": "#4", "cullface": "east"},
				"down": {"uv": [0, 0, 16, 8], "rotation": 270, "texture": "#4", "cullface": "east"}
			}
		},
		{
			"name": "east",
			"from": [16, 0, 8],
			"to": [24, 16, 8],
			"shade": false,
			"rotation": {"angle": -45, "axis": "x", "origin": [8, 8, 8], "rescale": true},
			"faces": {
				"north": {"uv": [16, 0, 0, 8], "rotation": 90, "texture": "#5", "cullface": "east"},
				"south": {"uv": [0, 0, 16, 8], "rotation": 270, "texture": "#5", "cullface": "east"}
			}
		}
	],
	"groups": [
		{
			"name": "leaves1",
			"origin": [8, 8, 8],
			"children": [0, 1, 2, 3, 4, 5, 6, 7, 8, 9, 10, 11, 12]
		}
	]
}